line,tier,n1,n2,n3,n4,n5,n6
1,6+0,13,16,17,35,38,48
2,6+0,8,9,20,34,37,39
3,6+0,2,19,24,26,33,47
4,6+0,1,20,26,27,30,48
5,4+2,8,15,30,31,43,47
6,6+0,1,16,17,24,37,43
7,5+1,3,9,19,20,35,43
8,6+0,2,13,16,19,30,34
9,6+0,13,24,27,38,39,47
10,6+0,9,17,27,33,34,47
11,6+0,2,9,30,35,37,38
12,5+1,8,16,24,26,35,49
13,5+1,8,19,27,33,45,48
14,6+0,1,2,8,26,34,38
15,6+0,1,9,13,19,33,39
16,6+0,13,26,27,33,37,43
17,6+0,20,24,34,38,43,48
18,6+0,9,17,26,39,43,48
19,6+0,17,19,20,37,47,48
20,6+0,1,8,16,20,33,47
21,6+0,17,19,26,27,34,35
22,6+0,2,13,34,35,43,47
23,5+1,1,8,24,28,30,39
24,6+0,1,8,35,37,43,48
25,5+1,16,20,30,35,39,45
26,6+0,17,19,30,33,38,39
27,6+0,2,8,20,27,30,43
28,6+0,9,20,24,33,35,48
29,6+0,1,8,9,13,17,30
30,6+0,16,26,34,37,39,47
31,6+0,2,9,16,33,39,43
32,6+0,2,8,17,27,35,39
33,4+2,13,24,30,36,37,44
34,6+0,16,20,27,34,37,38
35,6+0,1,2,13,39,47,48
36,6+0,1,9,27,35,38,43
37,5+1,9,16,26,30,41,47
38,5+1,8,10,17,19,24,34
39,5+1,14,33,37,38,39,48
40,6+0,1,19,30,38,43,47
41,4+2,16,18,19,29,43,48
42,6+0,8,13,19,20,26,43
43,6+0,30,33,34,35,47,48
44,6+0,8,17,26,30,33,37
45,6+0,2,13,17,20,26,38
46,6+0,8,9,16,27,34,48
47,5+1,15,19,24,27,35,37
48,6+0,2,9,24,27,30,34
49,6+0,1,9,24,26,37,47
50,6+0,8,9,20,24,38,47
51,6+0,17,24,27,30,38,48
52,6+0,1,13,34,35,37,39
53,6+0,1,2,16,20,24,39
54,5+1,5,9,19,34,37,43
55,6+0,1,16,17,19,26,33
56,6+0,2,13,17,33,34,48
57,6+0,13,16,20,30,37,48
58,4+2,4,6,13,19,24,48
59,6+0,9,26,35,38,39,47
60,6+0,2,16,19,38,47,48
61,6+0,13,26,30,35,39,43
62,6+0,13,17,27,30,37,47
63,6+0,2,17,19,20,33,43
64,6+0,2,8,13,24,43,48
65,5+1,1,16,24,33,38,40
66,6+0,1,13,16,19,27,47
67,6+0,8,9,13,33,34,35
68,5+1,2,16,18,33,35,37
69,5+1,17,20,29,30,34,39
70,6+0,19,26,27,37,38,48
71,6+0,8,16,37,38,43,47
72,5+1,1,2,9,19,22,48
73,5+1,2,20,26,35,41,48
74,6+0,1,20,27,33,37,39
75,6+0,2,17,24,35,37,47
76,6+0,9,13,20,26,27,39
77,6+0,8,17,24,33,43,47
78,6+0,2,19,26,27,30,39
79,4+2,22,24,26,31,34,43
80,5+1,24,34,37,39,40,43
81,5+1,8,9,16,19,28,38
82,5+1,1,17,20,25,35,47
83,6+0,1,26,30,33,34,43
84,6+0,8,19,20,35,38,39
85,5+1,2,8,13,14,19,37
86,6+0,13,16,24,27,33,34
87,4+2,9,16,17,22,24,42
88,5+1,1,19,34,36,39,48
89,6+0,8,13,16,26,39,48
90,6+0,13,16,24,26,30,38
91,6+0,1,2,20,34,37,43
92,6+0,2,27,37,43,47,48
93,6+0,2,9,13,27,33,38
94,6+0,1,19,20,24,27,38
95,6+0,9,17,19,24,30,43
96,5+1,2,16,17,27,30,40
97,6+0,9,16,17,19,35,47
98,6+0,2,20,38,39,43,47
99,5+1,1,14,27,30,33,35
100,6+0,1,17,24,35,38,39
101,4+2,16,19,37,39,41,42
102,6+0,8,24,26,27,30,47
103,6+0,16,19,24,34,35,43
104,6+0,16,20,26,33,43,48
105,6+0,9,16,24,37,39,48
106,5+1,8,9,17,38,40,48
107,6+0,13,20,30,33,38,47
108,4+2,7,21,26,33,38,43
109,6+0,20,26,33,34,35,37
110,6+0,1,13,24,37,38,48
111,6+0,1,2,9,17,26,27
112,4+2,8,11,13,21,27,35
113,6+0,9,13,16,20,34,47
114,5+1,1,9,10,16,30,33
115,6+0,9,19,30,33,37,47
116,6+0,8,13,17,37,38,39
117,6+0,1,8,17,19,39,47
118,6+0,27,30,34,38,39,43
119,6+0,19,24,26,30,35,48
120,6+0,2,8,33,34,39,47
121,6+0,2,13,20,24,27,35
122,6+0,1,8,19,27,30,34
123,6+0,9,24,26,33,34,38
124,5+1,16,17,34,39,43,49
125,4+2,2,4,10,16,26,37
126,4+2,14,17,23,26,47,48
127,6+0,1,17,19,27,43,48
128,6+0,13,19,34,35,37,38
129,6+0,9,13,17,24,33,37
130,6+0,1,16,24,30,35,47
131,6+0,19,27,35,39,43,47
132,5+1,1,3,17,34,37,38
133,6+0,2,9,17,30,47,48
134,6+0,8,16,17,20,27,35
135,4+2,1,9,24,34,41,46
136,6+0,1,2,33,38,43,48
137,6+0,1,8,9,26,39,43
138,6+0,8,13,34,37,47,48
139,6+0,2,19,35,37,39,48
140,6+0,1,13,26,33,35,47
141,6+0,2,8,9,17,34,43
142,4+2,16,19,20,22,23,34
143,6+0,9,20,26,30,38,43
144,6+0,1,16,34,43,47,48
145,6+0,13,17,20,24,27,43
146,6+0,1,2,13,24,30,33
147,6+0,8,24,30,33,34,37
148,6+0,8,16,19,30,33,35
149,6+0,9,16,19,26,27,37
150,6+0,1,19,20,24,30,37
151,6+0,8,24,27,33,35,38
152,4+2,3,18,20,27,34,47
153,6+0,9,17,33,35,38,43
154,6+0,17,24,26,27,37,39
155,6+0,8,9,30,33,39,48
156,4+2,9,16,17,20,21,31
157,6+0,8,20,35,39,47,48
158,6+0,1,9,16,26,38,48
159,6+0,9,13,37,38,43,47
160,6+0,2,9,13,20,37,48
161,6+0,2,24,26,38,39,48
162,6+0,1,2,8,30,37,47
163,4+2,12,13,15,20,26,34
164,5+1,13,27,33,39,40,48
165,6+0,1,13,20,30,39,43
166,4+2,17,22,30,36,39,47
167,6+0,2,9,26,34,37,48
168,6+0,2,19,20,27,33,34
169,6+0,1,13,17,19,35,43
170,6+0,8,13,30,35,38,47
171,6+0,9,16,27,30,39,47
172,5+1,7,8,9,27,35,37
173,6+0,8,17,20,26,33,39
174,6+0,1,16,30,37,38,39
175,5+1,7,9,19,24,47,48
176,6+0,19,20,24,26,39,43
177,6+0,16,26,27,33,35,48
178,6+0,2,16,24,30,43,47
179,6+0,2,13,17,24,34,39
180,6+0,2,8,9,16,26,33
181,5+1,15,24,33,39,43,48
182,6+0,8,16,17,27,38,47
183,6+0,1,8,20,24,34,48
184,6+0,1,2,9,34,35,47
185,4+2,3,13,27,30,31,48
186,4+2,11,19,32,34,39,47
187,6+0,1,17,30,37,39,48
188,6+0,2,16,17,26,34,35
189,6+0,17,26,34,37,43,47
190,6+0,2,8,16,19,27,43
191,5+1,9,13,16,26,43,44
192,6+0,13,17,19,24,26,47
193,6+0,9,13,27,34,43,48
194,5+1,8,16,29,34,35,38
195,6+0,2,8,20,33,37,48
196,6+0,2,17,33,37,38,47
197,5+1,24,34,37,38,46,47
198,6+0,8,9,24,30,35,43
199,6+0,16,20,26,35,43,47
200,6+0,8,13,17,19,27,33
201,6+0,1,2,8,13,20,35
202,6+0,1,9,20,35,39,48
203,5+1,8,9,17,19,26,31
204,6+0,2,30,33,35,39,43
205,6+0,13,16,19,33,37,38
206,6+0,2,17,24,26,30,43
207,6+0,16,19,20,24,27,48
208,5+1,18,26,27,30,35,38
209,4+2,1,6,8,10,26,27
210,4+2,1,28,29,33,47,48
211,6+0,20,27,30,35,37,43
212,6+0,1,9,20,30,34,38
213,6+0,19,30,33,37,43,48
214,5+1,2,12,13,16,38,39
215,5+1,9,13,19,21,26,48
216,6+0,2,9,13,16,24,35
217,6+0,17,20,34,35,38,48
218,6+0,1,2,13,16,27,37
219,5+1,1,20,26,35,38,46
220,6+0,2,8,20,24,30,38
221,6+0,8,13,16,20,24,37
222,5+1,17,20,28,30,33,35
223,5+1,2,8,9,38,39,45
224,6+0,1,16,24,26,27,34
225,6+0,16,20,24,33,39,47
226,5+1,2,15,16,17,37,48
227,6+0,1,19,33,34,35,38
228,6+0,16,24,26,35,37,38
229,6+0,2,19,20,26,30,47
230,6+0,1,8,19,26,37,38
231,6+0,8,16,17,30,34,48
232,6+0,13,17,30,34,38,43
233,6+0,2,8,26,37,39,43
234,6+0,1,2,30,34,35,48
235,6+0,1,13,24,26,38,43
236,5+1,4,9,17,19,34,38
237,6+0,9,19,24,33,34,39
238,6+0,16,17,24,39,47,48
239,6+0,1,13,17,26,34,48
240,4+2,1,2,11,17,19,28
241,6+0,16,27,38,39,43,48
242,6+0,17,20,24,26,37,48
243,6+0,9,27,33,38,47,48
244,6+0,1,8,13,27,43,47
245,6+0,2,9,20,27,35,47
246,5+1,9,26,34,35,40,43
247,4+2,1,17,27,33,44,46
248,6+0,1,9,17,20,37,38
249,6+0,2,16,20,34,39,48
250,6+0,1,8,19,26,47,48
251,6+0,16,17,19,20,30,38
252,5+1,3,8,26,30,34,39
253,5+1,8,17,20,23,37,43
254,6+0,19,20,26,34,38,48
255,6+0,20,24,26,27,34,47
256,6+0,1,2,19,26,35,37
257,6+0,8,9,19,34,43,47
258,6+0,9,13,19,20,30,35
259,4+2,8,25,26,36,38,43
260,4+2,13,19,27,39,44,49
261,6+0,9,16,17,30,35,37
262,4+2,4,19,31,33,35,47
263,6+0,8,9,13,24,26,39
264,6+0,1,2,9,19,24,38
265,6+0,1,8,16,34,35,39
266,6+0,17,27,33,34,35,43
267,6+0,8,9,13,19,24,27
268,6+0,1,27,35,38,47,48
269,5+1,2,6,19,27,35,38
270,6+0,1,8,9,27,33,37
271,5+1,1,27,31,33,34,48
272,6+0,8,17,26,35,43,48
273,6+0,8,13,16,17,33,43
274,4+2,11,23,24,30,39,48
275,6+0,9,19,38,39,43,48
276,6+0,9,13,17,33,39,47
277,5+1,5,19,26,33,35,39
278,6+0,13,19,26,30,34,37
279,6+0,2,19,26,34,43,48
280,6+0,1,9,17,24,35,48
281,5+1,2,21,27,30,33,47
282,6+0,17,19,24,37,38,43
283,4+2,8,25,27,37,48,49
284,6+0,1,17,20,33,34,47
285,5+1,1,2,18,24,35,43
286,6+0,13,16,26,30,33,39
287,6+0,1,16,33,35,37,43
288,6+0,8,24,27,37,39,43
289,5+1,3,8,16,20,38,48
290,6+0,13,26,27,34,38,47
291,5+1,3,17,19,33,35,48
292,6+0,2,8,13,26,27,34
293,6+0,26,30,38,39,47,48
294,6+0,17,24,30,34,35,47
295,6+0,13,19,20,35,47,48
296,6+0,8,30,35,37,38,48
297,4+2,7,16,25,27,34,39
298,6+0,2,27,30,34,37,39
299,5+1,13,19,20,24,25,33
300,6+0,9,13,30,34,38,39
301,5+1,10,20,27,34,35,39
302,4+2,13,32,33,43,45,47
303,5+1,33,36,37,39,43,47
304,6+0,1,20,24,43,47,48
305,6+0,2,16,17,33,34,38
306,6+0,8,17,19,20,30,48
307,6+0,1,2,8,17,24,33
308,6+0,9,16,19,27,33,43
309,6+0,8,19,27,34,38,39
310,5+1,9,15,17,20,43,47
311,6+0,13,16,35,37,39,47
312,5+1,1,13,30,34,42,47
313,6+0,9,16,20,24,30,43
314,5+1,6,17,19,34,37,39
315,6+0,13,24,33,38,39,43
316,6+0,1,24,34,38,39,47
317,4+2,1,2,9,21,32,39
318,5+1,2,17,19,30,37,46
319,6+0,2,13,17,27,38,43
320,6+0,1,2,24,27,33,39
321,6+0,8,16,19,20,26,34
322,6+0,2,8,20,26,37,47
323,6+0,9,20,24,26,30,33
324,5+1,8,16,24,32,33,48
325,4+2,1,17,38,41,45,47
326,6+0,2,8,19,24,30,39
327,6+0,13,16,19,30,43,47
328,6+0,1,2,8,16,30,48
329,6+0,8,19,27,34,37,47
330,6+0,2,9,16,20,37,38
331,6+0,13,17,20,37,39,43
332,5+1,12,13,33,35,43,48
333,6+0,1,13,19,20,34,43
334,4+2,6,11,26,33,47,48
335,6+0,16,24,27,30,37,48
336,6+0,13,20,24,30,34,35
337,6+0,9,19,20,37,39,47
338,5+1,2,16,22,35,38,43
339,6+0,13,27,33,35,37,48
340,6+0,2,13,26,33,35,38
341,6+0,1,8,16,20,38,43
342,6+0,9,19,24,27,35,39
343,4+2,8,12,24,34,35,36
344,6+0,9,13,17,27,34,37
345,6+0,13,16,17,20,33,35
346,6+0,8,26,27,35,37,47
347,5+1,9,13,20,33,43,46
348,4+2,9,20,27,29,32,48
349,5+1,2,17,20,27,46,48
350,4+2,9,25,29,33,34,37
351,5+1,8,11,13,34,39,43
352,6+0,8,19,24,38,39,48
353,5+1,5,16,20,30,33,34
354,6+0,1,8,9,13,16,37
355,5+1,12,30,35,37,39,47
356,6+0,2,16,19,24,33,37
357,6+0,2,9,13,17,19,35
358,5+1,9,12,20,27,30,33
359,6+0,19,20,27,33,38,47
360,6+0,1,9,17,27,34,39
361,6+0,2,9,16,35,43,48
362,6+0,20,33,34,38,39,43
363,6+0,2,8,24,34,47,48
364,6+0,13,17,26,27,30,35
365,5+1,8,13,17,24,35,45
366,4+2,19,25,30,34,47,49
367,6+0,8,16,19,37,39,43
368,6+0,2,8,13,17,20,47
369,6+0,1,9,30,37,43,48
370,5+1,16,19,20,25,35,37
371,6+0,1,2,9,20,26,43
372,6+0,1,8,26,33,38,39
373,6+0,16,17,19,33,34,47
374,6+0,8,26,33,34,43,48
375,4+2,9,25,27,28,30,43
376,6+0,2,9,20,30,33,39
377,5+1,2,5,19,24,27,48
378,6+0,9,13,24,30,47,48
379,6+0,16,17,26,38,39,47
380,6+0,16,27,30,33,38,43
381,6+0,2,24,26,27,33,43
382,6+0,17,33,35,37,39,48
383,6+0,2,13,26,30,33,48
384,4+2,5,21,24,35,43,47
385,6+0,9,24,27,37,38,43
386,6+0,24,30,33,35,37,39
387,6+0,8,9,19,30,33,38
388,6+0,1,9,19,33,43,47
389,6+0,16,20,33,35,38,47
390,5+1,2,14,24,27,34,38
391,5+1,2,5,8,19,35,47
392,6+0,1,2,9,16,19,20
393,6+0,9,34,35,37,47,48
394,6+0,17,30,33,43,47,48
395,5+1,2,15,19,30,33,38
396,6+0,1,8,9,19,20,33
397,5+1,13,16,19,26,35,36
398,6+0,2,16,17,20,26,39
399,6+0,1,13,19,27,30,38
400,6+0,1,2,16,27,35,39
401,6+0,1,2,13,16,34,38
402,5+1,1,13,16,17,39,42
403,5+1,16,21,24,34,38,39
404,6+0,1,13,19,20,26,39
405,6+0,1,17,26,30,35,38
406,6+0,20,35,37,38,39,43
407,6+0,16,27,30,34,35,47
408,6+0,2,19,20,24,34,37
409,6+0,8,9,17,20,27,38
410,6+0,2,8,9,16,24,47
411,6+0,13,19,30,35,39,48
412,6+0,2,13,19,24,37,47
413,6+0,8,16,17,24,30,39
414,5+1,8,16,19,24,46,47
415,5+1,13,16,24,34,41,48
416,6+0,1,17,19,24,27,47
417,6+0,8,9,20,26,30,37
418,4+2,2,3,13,19,23,39
419,6+0,9,24,26,27,35,48
420,4+2,19,22,26,35,42,47
421,6+0,17,26,27,33,38,48
422,5+1,4,8,17,34,35,37
423,6+0,1,13,20,33,38,48
424,5+1,9,26,33,37,39,49
425,6+0,8,26,27,33,39,47
426,6+0,1,24,33,35,37,47
427,6+0,1,9,16,17,27,43
428,6+0,8,27,30,35,43,48
429,6+0,2,8,34,35,38,43
430,6+0,1,13,24,26,35,48
431,6+0,16,20,27,33,37,47
432,5+1,2,9,19,33,42,48
433,6+0,16,17,19,24,27,39
434,6+0,9,16,19,34,35,39
435,6+0,2,9,17,38,39,48
436,6+0,1,26,27,39,43,47
437,4+2,1,9,13,29,36,38
438,4+2,13,16,26,31,40,47
439,6+0,17,19,20,26,27,30
440,5+1,6,16,19,33,39,48
441,6+0,8,16,26,30,34,43
442,6+0,9,13,16,17,19,48
443,6+0,30,34,37,39,43,48
444,6+0,8,17,34,38,47,48
445,5+1,8,13,15,16,27,30
446,5+1,27,31,37,38,39,47
447,6+0,9,16,33,34,37,38
448,6+0,2,9,24,39,43,47
449,6+0,9,24,34,35,38,48
450,5+1,1,8,19,23,24,35
451,5+1,8,32,33,35,39,43
452,6+0,1,2,16,26,43,47
453,4+2,16,23,26,30,32,35
454,6+0,19,24,30,34,38,47
455,6+0,1,26,27,30,37,43
456,6+0,16,20,26,27,38,43
457,6+0,1,8,20,24,26,33
458,6+0,24,26,33,34,47,48
459,5+1,1,10,13,17,26,37
460,4+2,2,3,10,17,30,35
461,6+0,17,27,35,39,47,48
462,6+0,8,13,19,34,35,48
463,6+0,8,20,30,39,43,47
464,6+0,1,2,8,17,33,35
465,6+0,13,16,27,34,37,43
466,6+0,2,9,13,19,26,43
467,6+0,2,8,16,17,19,38
468,6+0,20,24,30,37,38,39
469,4+2,30,38,42,43,46,48
470,4+2,1,6,9,18,38,47
471,6+0,9,17,26,30,34,39
472,6+0,8,9,13,26,35,38
473,6+0,8,20,27,33,34,43
474,6+0,16,24,26,35,39,43
475,6+0,1,2,27,37,38,48
476,4+2,1,7,14,17,20,43
477,6+0,2,17,30,34,37,38
478,4+2,2,13,18,20,30,49
479,5+1,2,13,19,25,27,48
480,6+0,1,24,33,34,35,43
481,6+0,17,20,24,27,33,34
482,6+0,8,9,24,26,37,48
483,6+0,8,17,24,26,38,43
484,5+1,1,3,30,33,39,47
485,6+0,2,9,17,20,24,39
486,6+0,8,9,13,26,33,47
487,5+1,1,2,17,20,30,42
488,6+0,1,17,24,30,33,48
489,6+0,9,16,19,26,30,39
490,6+0,1,8,13,33,34,38
491,6+0,1,2,13,17,37,43
492,6+0,1,8,17,20,24,27
493,6+0,1,9,17,19,35,37
494,6+0,8,13,38,43,47,48
495,4+2,5,9,14,17,30,38
496,6+0,2,9,26,30,34,47
497,6+0,19,26,35,37,38,43
498,6+0,20,24,27,30,39,48
499,6+0,9,17,19,20,26,35
500,6+0,1,9,13,20,24,47
501,6+0,19,26,33,38,43,47
502,6+0,13,20,34,39,47,48
503,6+0,19,27,30,34,47,48
504,6+0,2,13,16,26,47,48
505,6+0,2,20,30,35,38,48
506,4+2,9,19,30,40,44,48
507,6+0,1,16,17,27,34,37
508,6+0,2,9,17,27,33,37
509,5+1,1,9,12,19,26,34
510,6+0,16,17,20,30,34,43
511,6+0,2,13,26,37,38,39
512,6+0,2,19,33,34,39,43
513,6+0,24,26,27,34,35,39
514,6+0,1,13,16,17,20,48
515,4+2,8,14,20,26,38,44
516,6+0,16,33,34,37,38,48
517,4+2,11,20,26,37,38,40
518,6+0,8,9,17,24,37,47
519,5+1,1,7,16,27,33,48
520,6+0,16,19,24,26,38,47
521,5+1,6,13,20,27,47,48
522,6+0,8,13,20,33,35,37
523,6+0,8,9,16,20,35,43
524,6+0,1,16,19,38,39,43
525,6+0,16,17,37,38,43,48
526,6+0,1,20,26,37,47,48
527,6+0,1,8,17,39,43,48
528,6+0,9,16,20,27,38,39
529,6+0,1,8,9,13,24,34
530,5+1,8,13,20,30,34,46
531,6+0,2,8,9,19,27,37
532,6+0,9,13,30,35,37,39
533,6+0,9,13,16,17,38,47
534,6+0,1,2,20,27,30,47
535,6+0,1,19,24,27,30,43
536,6+0,1,2,8,26,30,35
537,6+0,1,16,19,26,37,48
538,6+0,8,20,27,37,39,48
539,5+1,1,11,27,33,34,38
540,6+0,8,9,16,30,47,48
541,6+0,1,9,13,27,34,35
542,5+1,8,13,19,22,30,39
543,6+0,9,16,17,24,34,38
544,6+0,2,8,9,26,27,48
545,6+0,1,2,26,33,37,39
546,6+0,17,20,26,27,43,47
547,5+1,13,24,29,34,43,47
548,4+2,2,27,35,36,43,49
549,6+0,13,19,27,30,33,43
550,5+1,13,19,28,33,37,39
551,5+1,2,4,17,27,39,47
552,4+2,7,16,26,27,28,47
553,6+0,8,9,17,19,35,39
554,6+0,9,26,27,30,37,38
555,6+0,9,17,20,34,37,48
