draw_no,date,n1,n2,n3,n4,n5,n6
74,2026-09-20,1,26,27,34,45,48
73,2026-09-17,9,10,26,33,35,46
,,5,14,16,20,25,29
,,9,16,18,22,30,37
,,6,9,19,25,30,38
,,8,16,20,35,38,47
,,2,9,10,13,25,46
,,1,8,15,17,41,43
,,6,17,25,35,38,48
,,4,12,15,16,30,39
,,2,17,20,34,38,39
,,4,11,13,20,39,47
,,2,17,21,29,34,36
,,14,33,35,37,39,43
,,4,19,20,27,28,34
,,1,7,8,14,37,44
,,8,25,30,32,33,48
,,5,10,17,20,42,47
,,16,29,35,37,44,47
,,12,17,23,30,38,41
,,4,11,21,28,36,49
,,8,9,12,13,33,38
,,2,4,17,33,35,38
,,5,11,44,46,47,48
,,6,13,16,19,42,44
,,22,26,28,29,40,42
,,1,7,8,14,29,42
,,1,10,11,15,16,37
,,1,9,26,30,39,43
,,13,17,28,35,37,49
,,9,17,29,39,42,49
,,2,6,15,19,26,35
,,8,9,38,43,45,46
,,3,17,33,36,39,45
,,1,5,7,32,46,49
,,5,7,13,31,38,42
,,2,23,24,27,37,38
,,3,8,13,20,42,49
,,13,14,23,27,36,42
,,2,8,18,20,26,42
,,8,11,26,30,36,38
,,2,7,11,16,23,30
,,9,19,37,40,41,47
,,11,18,21,38,48,49
,,2,4,8,14,28,43
,,1,6,21,22,39,45
,,1,6,7,12,13,19
,,13,18,23,38,40,49
,,20,25,27,29,30,46
,,3,12,16,23,35,40
,,12,22,28,30,33,49
,,23,24,33,38,42,48
,,1,3,12,40,44,49
,,1,4,24,30,34,37
,,3,4,13,22,33,48
,,5,15,17,36,37,49
,,5,18,19,24,37,48
,,10,14,21,24,36,37
,,9,31,33,37,38,48
,,22,25,37,44,45,48
,,11,16,18,34,36,46
,,16,18,23,36,39,44
,,12,20,26,30,41,49
,,6,12,13,15,23,36
,,3,4,41,43,44,47
,,17,18,22,37,41,46
,,4,17,20,31,33,44
,,2,11,12,18,19,42
,,11,24,28,36,37,46
,,10,13,24,28,32,36
,,9,10,18,20,28,48
,,3,20,27,38,46,47
,,22,24,26,32,33,43
,,3,13,15,19,33,35
,,20,24,41,42,43,45
,,5,15,20,21,40,43
,,7,11,15,23,35,44
,,2,8,10,15,31,34
,,12,14,24,28,33,48
,,2,13,16,23,34,48
,,5,15,16,24,41,48
,,4,13,15,22,47,48
,,6,7,17,21,39,45
,,3,9,15,35,44,47
,,9,22,24,38,42,45
,,21,30,35,43,45,46
,,2,18,29,34,36,42
,,15,23,30,31,43,49
,,10,14,20,22,29,49
,,3,5,26,29,43,45
,,13,24,30,36,38,43
,,11,17,18,35,38,47
,,16,26,34,38,42,45
,,4,6,8,23,24,34
,,2,12,20,23,34,45
,,5,6,9,26,38,41
,,12,29,30,40,47,48
,,13,17,23,30,34,48
,,10,14,20,30,38,42
,,3,19,35,39,42,43
,,3,27,32,34,37,45
,,1,6,19,23,31,36
,,5,11,12,28,32,48
,,11,13,14,18,41,43
,,5,19,21,22,47,48
,,13,14,18,33,34,40
,,2,8,13,18,33,44
,,1,3,8,12,37,48
,,1,18,28,37,42,43
,,2,4,10,21,22,27
,,2,11,13,23,25,32
,,13,22,33,35,36,43
,,7,22,25,29,37,42
,,4,5,23,28,31,35
,,8,10,24,27,30,36
,,10,12,15,16,20,34
,,16,18,27,35,39,41
,,1,14,17,29,32,37
,,2,11,18,23,26,37
,,7,15,24,36,41,45
,,5,28,31,32,35,44
,,9,16,30,35,37,42
,,4,5,7,18,23,34
,,13,23,26,27,38,42
,,9,24,30,38,48,49
,,18,32,35,40,41,43
,,25,29,30,33,36,38
,,16,17,24,28,35,49
,,6,13,17,39,42,43
,,15,27,31,32,35,49
,,1,6,8,26,29,38
,,1,11,15,25,27,47
,,16,18,31,32,37,41
,,11,15,19,20,26,38
,,10,19,37,46,47,48
,,4,9,15,17,28,43
,,6,15,17,22,27,36
,,4,10,17,23,38,48
,,17,27,30,33,37,44
,,11,14,19,32,34,36
,,8,14,35,39,42,49
,,7,29,30,31,34,35
,,8,17,25,31,37,44
,,9,18,26,32,46,49
,,4,14,24,38,39,44
,,12,22,24,26,29,34
,,27,34,35,39,48,49
,,2,18,20,21,31,46
,,2,19,22,27,28,44
,,10,13,14,16,26,27
,,3,5,6,17,26,40
,,12,14,21,22,37,46
,,1,6,16,33,45,46
,,6,11,17,18,19,43
,,8,16,19,35,39,47
,,4,22,36,42,44,49
,,23,34,37,46,47,48
,,4,11,15,36,38,39
,,12,19,20,22,24,46
,,14,21,23,36,37,48
,,8,9,14,16,20,34
,,2,3,17,25,36,43
,,2,7,23,31,41,45
,,6,20,21,31,37,39
,,8,19,31,35,36,47
,,5,13,31,39,41,47
,,4,12,15,19,21,34
,,3,15,23,28,42,48
,,4,8,10,18,25,39
,,2,13,18,24,30,41
,,6,7,12,20,31,38
,,10,11,26,31,35,48
,,1,5,21,34,40,42
,,11,17,18,20,32,47
,,6,13,20,23,30,45
,,16,18,19,27,37,49
,,5,21,26,28,46,48
,,20,22,24,32,35,49
,,2,3,15,18,21,25
,,7,16,24,29,31,46
,,11,15,25,38,40,44
,,2,6,7,8,29,39
,,3,9,10,13,20,30
,,2,24,31,36,40,48
,,2,6,7,19,29,41
,,10,16,24,27,30,36
,,2,14,21,27,28,48
,,3,15,26,33,47,48
,,1,12,24,27,31,43
,,14,21,32,38,40,49
,,3,9,27,31,35,36
,,3,14,20,27,33,35
,,4,6,10,18,23,25
,,12,16,26,34,37,40
,,7,17,18,25,30,42
,,27,33,38,45,46,49
,,5,11,21,28,39,43
,,13,17,28,32,46,47
,,13,17,23,33,34,38
,,4,12,30,42,48,49
,,3,4,16,25,28,36
,,3,20,24,28,31,46
,,2,8,16,23,39,43
,,17,24,25,28,37,49
,,5,10,14,33,34,38
,,11,25,31,38,40,45
,,2,13,24,26,35,42
,,4,7,16,23,41,45
,,2,4,12,16,19,30
,,9,12,23,34,42,44
,,5,11,16,21,23,38
,,14,16,19,23,30,47
,,7,25,28,37,40,43
,,11,17,29,30,32,37
,,2,10,17,29,37,43
,,4,10,26,38,41,47
,,8,15,19,21,28,37
,,2,6,9,20,26,48
,,1,14,15,26,37,47
,,18,21,22,23,33,48
,,4,11,22,29,30,39
,,5,10,12,15,30,43
,,21,30,33,39,46,47
,,3,12,14,18,36,39
,,5,10,16,18,19,24
,,6,19,27,28,29,46
,,6,18,22,34,39,45
,,8,13,15,33,35,41
,,1,5,8,21,22,29
,,3,8,14,34,38,43
,,9,10,14,23,42,44
,,6,18,20,23,29,35
,,2,4,13,17,27,43
,,9,22,36,39,43,48
,,1,22,23,24,38,48
,,5,12,33,43,44,45
,,1,15,26,27,32,39
,,6,13,16,31,35,36
,,7,25,27,33,41,49
,,5,10,17,21,29,40
,,3,11,25,28,43,45
,,6,10,16,17,32,35
,,2,6,10,14,30,42
,,2,9,11,19,31,33
,,19,22,34,35,46,48
,,15,18,19,22,24,38
,,14,15,24,31,34,49
,,1,8,21,34,36,38
,,8,16,33,41,45,46
,,1,23,28,29,38,44
,,3,12,19,23,26,49
,,16,17,20,23,34,40
,,15,27,28,35,36,44
,,2,4,10,39,44,47
,,25,29,31,34,38,44
,,2,11,22,29,41,47
,,6,8,33,35,37,45
,,8,20,26,29,40,41
,,13,22,23,27,37,46
,,4,26,27,28,42,43
,,8,18,23,24,38,49
,,7,10,13,22,37,39
,,9,19,27,31,36,39
,,8,11,13,15,26,35
,,23,24,25,37,42,45
,,16,33,34,39,42,46
,,10,26,39,41,43,48
,,2,10,11,12,24,29
,,12,22,30,34,37,42
,,12,13,18,20,22,48
,,13,18,22,35,36,44
,,8,11,12,17,22,41
,,5,9,31,43,46,47
,,11,19,22,36,42,43
,,6,23,31,33,37,43
,,5,10,12,22,29,47
,,2,18,37,38,42,46
,,2,18,31,33,35,47
,,2,17,26,31,37,44
,,7,10,33,39,46,49
,,3,16,23,36,41,49
