pos1,pos2,pos3,pos4,pos5,pos6
1,2,8,12,14,16
2,5,6,9,13,15
1,3,9,10,17,20
3,5,7,11,14,19
4,6,11,12,18,21
4,7,8,10,13,22
8,15,18,19,21,22
5,14,16,17,20,22
1,6,7,13,18,20
2,10,11,12,17,19
2,3,4,7,9,16
3,10,13,14,18,21
4,8,9,11,15,17
1,4,5,6,17,19
1,2,7,15,20,21
3,8,13,15,16,20
1,3,5,12,21,22
1,10,11,15,16,18
2,3,6,8,11,22
4,12,13,14,15,19
7,12,16,17,18,21
5,8,9,16,18,19
5,8,11,12,13,20
5,6,7,8,10,21
2,4,10,14,17,21
1,2,9,14,19,22
4,10,16,19,20,21
9,10,12,13,18,22
3,6,12,15,16,19
3,4,13,17,18,22
7,9,14,15,17,18
1,4,11,16,20,22
1,8,9,11,14,21
6,7,12,14,15,22
2,4,5,7,11,18
6,7,9,11,16,20
3,5,11,15,17,21
6,10,15,19,20,22
6,9,13,17,19,21
4,5,9,12,14,20
1,3,7,11,12,13
1,2,13,16,17,18
2,3,7,8,17,19
8,10,11,18,19,20
2,5,10,14,18,20
2,4,6,13,21,22
1,5,7,13,16,19
3,7,9,20,21,22
2,12,15,17,18,20
1,3,6,8,10,12
3,6,8,9,14,18
13,14,15,16,21,22
3,4,5,10,15,22
6,8,13,14,16,17
1,2,4,8,18,19
